City_ID,City,Country,Lat,Lng,Max Temp,Humidity,Cloudiness,Wind Speed,Weather Description
0,Kapaa,US,22.0752,-159.319,84.18,85,90,3.0,moderate rain
1,Ushuaia,AR,-54.8,-68.3,37.06,75,90,9.22,overcast clouds
2,Port Keats,AU,-14.25,129.55,88.11,30,53,6.13,broken clouds
3,Jamestown,US,42.097,-79.2353,67.32,68,1,1.01,clear sky
4,Port Elizabeth,ZA,-33.918,25.5701,41.29,87,0,0.0,clear sky
5,Mataura,NZ,-46.1927,168.8643,56.48,67,14,4.12,few clouds
6,Ewa Beach,US,21.3156,-158.0072,87.75,58,75,24.0,broken clouds
7,Albany,US,42.6001,-73.9662,64.92,86,0,4.12,clear sky
8,Inuvik,CA,68.3499,-133.7218,67.06,77,75,8.05,broken clouds
9,Ostrovnoy,RU,68.0531,39.5131,43.29,95,100,25.32,overcast clouds
10,Hilo,US,19.7297,-155.09,87.28,86,90,11.5,moderate rain
11,Rikitea,PF,-23.1203,-134.9692,70.25,58,9,12.35,clear sky
12,Charlestown,AU,-32.95,151.6667,65.93,57,6,4.0,clear sky
13,Cidreira,BR,-30.1811,-50.2056,59.85,81,0,6.62,clear sky
14,Vila Franca Do Campo,PT,37.7167,-25.4333,70.21,93,91,6.8,overcast clouds
15,Kogon,UZ,39.7228,64.5517,80.24,38,0,6.91,clear sky
16,Shimoda,JP,34.6667,138.95,86.11,70,9,7.36,clear sky
17,Acapulco,MX,16.8634,-99.8901,84.02,84,90,11.5,overcast clouds
18,Omboue,GA,-1.5746,9.2618,72.7,81,100,4.85,overcast clouds
19,Goderich,CA,43.7501,-81.7165,68.32,77,100,4.61,overcast clouds
20,Narsaq,GL,60.9167,-46.05,46.62,76,33,2.1,scattered clouds
21,Casa Grande,US,32.8795,-111.7573,78.55,83,1,5.75,clear sky
22,Khatanga,RU,71.9667,102.5,57.99,55,98,5.46,overcast clouds
23,Juneau,US,58.3019,-134.4197,58.21,93,90,1.01,moderate rain
24,Vaini,TO,-21.2,-175.2,82.56,83,20,6.91,few clouds
25,Hithadhoo,MV,-0.6,73.0833,80.82,74,74,2.01,broken clouds
26,Hermanus,ZA,-34.4187,19.2345,47.89,63,0,7.92,clear sky
27,Port Alfred,ZA,-33.5906,26.891,50.88,68,45,5.28,scattered clouds
28,Pevek,RU,69.7008,170.3133,40.21,93,90,5.61,overcast clouds
29,Saint Augustine,US,29.8947,-81.3145,81.03,95,20,6.91,few clouds
30,Butaritari,KI,3.0707,172.7902,83.26,76,4,16.46,light rain
31,Hobart,AU,-42.8794,147.3294,54.23,71,75,1.99,broken clouds
32,Savinka,RU,50.0785,47.0994,64.2,50,0,5.59,clear sky
33,Pitimbu,BR,-7.4706,-34.8086,72.19,80,1,15.26,clear sky
34,Shinjo,JP,38.7586,140.3008,87.85,59,80,6.89,broken clouds
35,Arman,RU,59.7,150.1667,61.43,79,57,5.1,broken clouds
36,Kahului,US,20.8947,-156.47,84.22,73,40,26.46,scattered clouds
37,Bredasdorp,ZA,-34.5322,20.0403,45.28,87,0,4.61,clear sky
38,Lethem,GY,3.3803,-59.7968,74.82,93,100,5.08,overcast clouds
39,Saint Anthony,US,45.0205,-93.218,86.99,70,40,1.99,scattered clouds
40,Sire,NG,12.9299,5.2043,75.54,86,100,11.88,overcast clouds
41,Provideniya,RU,64.3833,-173.3,54.86,71,100,7.74,overcast clouds
42,Necochea,AR,-38.5473,-58.7368,49.03,73,100,11.07,overcast clouds
43,Cockburn Town,TC,21.4612,-71.1419,81.75,83,12,19.66,few clouds
44,Palpa,PE,-14.5336,-75.1856,64.31,72,6,1.66,clear sky
45,Yellowknife,CA,62.456,-114.3525,65.32,100,75,3.44,thunderstorm with light rain
46,Antofagasta,CL,-23.65,-70.4,56.48,73,100,4.74,overcast clouds
47,Saint-Philippe,RE,-21.3585,55.7679,65.79,71,37,5.53,scattered clouds
48,Hailey,US,43.5196,-114.3153,82.26,20,1,0.0,smoke
49,Ekibastuz,KZ,51.6667,75.3667,77.07,47,0,0.67,clear sky
50,Tutoia,BR,-2.7619,-42.2744,76.59,87,49,9.4,scattered clouds
51,East London,ZA,-33.0153,27.9116,52.34,62,89,3.53,overcast clouds
52,Tortoli,IT,39.9256,9.6572,76.82,73,0,4.61,clear sky
53,Ribeira Grande,PT,38.5167,-28.7,70.9,95,96,7.27,overcast clouds
54,Lebu,CL,-37.6167,-73.65,48.99,83,100,8.72,overcast clouds
55,Mayo,US,38.8876,-76.5119,75.61,78,1,1.01,clear sky
56,Koumac,NC,-20.5667,164.2833,78.33,60,1,6.38,clear sky
57,Kodiak,US,57.79,-152.4072,54.91,88,90,9.22,light rain
58,Flinders,AU,-34.5833,150.8552,63.21,59,86,14.43,overcast clouds
59,Busselton,AU,-33.65,115.3333,56.08,71,100,14.0,overcast clouds
60,Cayenne,GF,4.9333,-52.3333,81.09,81,0,3.0,clear sky
61,North Bend,US,43.4065,-124.2243,69.93,70,1,26.46,clear sky
62,Thompson,CA,55.7435,-97.8558,62.76,77,75,12.66,broken clouds
63,Castro,BR,-24.7911,-50.0119,50.61,80,0,3.67,clear sky
64,Tevaitoa,PF,-16.7833,-151.5,78.03,67,20,11.41,few clouds
65,Tabou,CI,4.423,-7.3528,74.97,75,100,6.67,overcast clouds
66,Kothen,DE,51.75,11.9667,62.35,82,0,5.28,clear sky
67,Bluff,NZ,-46.6,168.3333,56.8,64,34,6.31,scattered clouds
68,Talnakh,RU,69.4865,88.3972,67.82,74,100,22.06,light rain
69,Palmer,US,42.1584,-72.3287,66.63,85,20,0.0,few clouds
70,Amanganj,IN,24.4333,80.0333,83.8,76,100,4.85,moderate rain
71,Longyan,CN,25.1072,117.0225,88.11,63,33,2.39,scattered clouds
72,Torbay,CA,47.6666,-52.7314,57.76,97,90,0.0,fog
73,Vagur,FO,61.4732,-6.8119,50.77,93,10,13.76,clear sky
74,Nouadhibou,MR,20.931,-17.0347,67.98,94,0,8.05,clear sky
75,Rio Gallegos,AR,-51.6226,-69.2181,35.65,80,0,10.36,clear sky
76,Cap Malheureux,MU,-19.9842,57.6142,67.46,76,35,4.0,scattered clouds
77,Agadez,NE,19.75,10.25,88.63,17,6,10.78,clear sky
78,Lagoa,PT,39.05,-27.9833,69.78,95,91,11.7,overcast clouds
79,Pekalongan,ID,-6.8886,109.6753,87.01,67,9,0.31,clear sky
80,Leningradskiy,RU,69.3833,178.4167,39.69,80,99,7.52,overcast clouds
81,Maniitsoq,GL,65.4167,-52.9,41.38,97,100,22.95,moderate rain
82,Vaitape,PF,-16.5167,-151.75,78.06,68,22,12.57,few clouds
83,Port Lincoln,AU,-34.7333,135.8667,54.18,72,100,30.98,light rain
84,Nanortalik,GL,60.1432,-45.2371,42.19,89,83,10.83,broken clouds
85,Prince Rupert,CA,54.3161,-130.3201,59.09,88,90,4.61,light rain
86,Dikson,RU,73.5069,80.5464,44.55,74,100,24.14,overcast clouds
87,Namibe,AO,-15.1961,12.1522,64.38,84,0,3.76,clear sky
88,Mildura,AU,-34.2,142.15,57.16,54,75,17.27,broken clouds
89,Oranjestad,AW,12.524,-70.027,82.35,83,20,16.11,few clouds
90,Victoria,HK,22.2855,114.1577,89.58,83,5,1.99,clear sky
91,Luena,AO,-11.7833,19.9167,50.27,43,12,5.53,few clouds
92,New Norfolk,AU,-42.7826,147.0587,53.89,73,100,1.01,overcast clouds
93,Puerto Madryn,AR,-42.7692,-65.0385,47.3,40,58,8.81,broken clouds
94,Grand Baie,MU,-20.0182,57.5802,67.44,77,32,3.0,scattered clouds
95,Punta Arenas,CL,-53.15,-70.9167,39.31,81,0,31.07,light rain
96,Aklavik,CA,68.2191,-135.0107,67.03,31,37,4.54,scattered clouds
97,Carnarvon,AU,-24.8667,113.6333,64.47,56,91,16.11,overcast clouds
98,Cape Town,ZA,-33.9258,18.4232,48.11,82,0,3.44,clear sky
99,Georgetown,MY,5.4112,100.3354,87.89,76,20,1.01,few clouds
100,Iqaluit,CA,63.7506,-68.5145,49.73,71,75,8.01,broken clouds
101,Meulaboh,ID,4.1363,96.1285,80.98,75,91,4.05,moderate rain
102,Ponta Do Sol,PT,32.6667,-17.1,72.23,77,1,5.88,clear sky
103,Aron,IN,24.3833,77.4167,77.5,82,100,7.43,moderate rain
104,Honghu,CN,29.8206,113.4621,85.44,71,86,9.06,overcast clouds
105,Avarua,CK,-21.2078,-159.775,77.05,69,0,12.66,clear sky
106,Arraial Do Cabo,BR,-22.9661,-42.0278,69.15,70,0,19.1,clear sky
107,Mount Gambier,AU,-37.8333,140.7667,51.94,72,21,12.73,light rain
108,Gazanjyk,TM,39.2446,55.5154,83.3,65,0,7.54,clear sky
109,Gidam,IN,18.9833,81.4,74.75,88,99,6.64,moderate rain
110,Bethel,US,41.3712,-73.414,70.92,82,1,0.0,clear sky
111,Sao Filipe,CV,14.8961,-24.4956,73.99,74,21,9.46,few clouds
112,Tiksi,RU,71.6872,128.8694,46.44,80,52,9.1,broken clouds
113,Puerto Ayora,EC,-0.7393,-90.3518,72.55,87,43,4.0,scattered clouds
114,Saskylakh,RU,71.9167,114.0833,54.36,73,100,15.77,overcast clouds
115,Tasiilaq,GL,65.6145,-37.6368,41.16,99,100,2.77,light rain
116,Anjozorobe,MG,-18.4,47.8667,50.32,97,56,4.43,broken clouds
117,Yarmouth,US,41.7057,-70.2286,68.97,87,1,1.01,clear sky
118,Fukue,JP,32.6881,128.8419,86.36,66,75,9.22,broken clouds
119,Faya,SA,18.3851,42.4509,61.32,67,100,3.49,overcast clouds
120,Coquimbo,CL,-29.9533,-71.3436,53.33,82,90,2.3,overcast clouds
121,Axim,GH,4.8699,-2.2405,75.54,77,89,8.72,overcast clouds
122,Isangel,VU,-19.55,169.2667,86.11,66,75,0.0,broken clouds
123,Chuy,UY,-33.6971,-53.4616,58.64,90,11,4.56,light rain
124,Beloha,MG,-25.1667,45.05,62.91,55,100,9.86,overcast clouds
125,Syriam,MM,16.7722,96.2378,77.11,100,75,4.61,light rain
126,Atuona,PF,-9.8,-139.0333,77.11,78,31,11.12,scattered clouds
127,Balikpapan,ID,-1.2675,116.8289,83.39,79,40,8.05,scattered clouds
128,Chara,RU,56.9064,118.2631,64.42,69,100,3.69,overcast clouds
129,Paamiut,GL,61.994,-49.6678,42.37,91,100,12.59,light rain
130,Pala,TD,9.3642,14.9046,69.24,97,52,4.99,broken clouds
131,Jalu,LY,29.0331,21.5482,78.19,43,0,8.57,clear sky
132,Beauceville,CA,46.2179,-70.7787,61.74,82,67,2.3,broken clouds
133,Qaanaaq,GL,77.484,-69.3632,40.05,75,83,2.24,broken clouds
134,Severo-Kurilsk,RU,50.6789,156.125,57.92,89,89,7.27,overcast clouds
135,Cermik,TR,38.1361,39.4493,68.49,47,0,6.76,clear sky
136,Perth,AU,-31.9333,115.8333,63.18,77,75,4.61,broken clouds
137,Calvinia,ZA,-31.4707,19.776,36.79,53,0,9.55,clear sky
138,Hami,CN,42.8,93.45,85.86,45,62,15.12,broken clouds
139,Vanderhoof,CA,54.0166,-124.0198,67.95,43,79,9.62,broken clouds
140,Maarianhamina,AX,60.0973,19.9348,42.66,93,0,1.14,clear sky
141,Faanui,PF,-16.4833,-151.75,78.06,67,23,12.66,few clouds
142,Corowa,AU,-36.0333,146.3833,47.41,95,99,10.85,overcast clouds
143,Esperance,AU,-33.8667,121.9,53.92,76,90,20.65,light rain
144,Uvinza,TZ,-5.1036,30.3911,65.75,52,18,5.55,few clouds
145,Sharlyk,RU,52.9167,54.75,62.33,68,13,3.87,few clouds
146,Alta Floresta,BR,-9.8756,-56.0861,73.24,43,27,4.38,scattered clouds
147,Thinadhoo,MV,0.5333,72.9333,81.95,77,72,8.34,broken clouds
148,Upernavik,GL,72.7868,-56.1549,39.06,95,100,10.09,overcast clouds
149,Barrow,US,71.2906,-156.7887,37.42,87,90,14.97,overcast clouds
150,Acarau,BR,-2.8856,-40.12,78.87,78,33,15.37,scattered clouds
151,Komarno,SK,47.7636,18.1226,64.06,64,4,1.14,clear sky
152,Tuktoyaktuk,CA,69.4541,-133.0374,59.0,47,75,14.97,broken clouds
153,Geraldton,AU,-28.7667,114.6,61.21,88,75,9.22,broken clouds
154,Alugan,PH,12.2188,125.4808,83.7,68,100,10.96,overcast clouds
155,Mount Isa,AU,-20.7333,139.5,74.97,25,0,5.75,clear sky
156,Port Blair,IN,11.6667,92.75,82.31,83,100,21.83,overcast clouds
157,Jumla,NP,29.2747,82.1838,64.99,95,92,2.53,overcast clouds
158,Yinchuan,CN,38.4681,106.2731,81.21,50,40,7.78,scattered clouds
159,Gorom-Gorom,BF,14.4439,-0.2361,84.85,56,98,14.2,overcast clouds
160,Esmeraldas,BR,-19.7625,-44.3139,61.66,70,0,4.18,clear sky
161,Honiara,SB,-9.4333,159.95,85.3,74,23,5.21,few clouds
162,Tashtyp,RU,52.7939,89.8983,67.84,89,100,1.95,overcast clouds
163,Chokurdakh,RU,70.6333,147.9167,47.08,60,98,14.47,overcast clouds
164,Alice Springs,AU,-23.7,133.8833,62.15,29,60,11.5,broken clouds
165,Guerrero Negro,MX,27.9769,-114.0611,71.71,78,56,16.2,broken clouds
166,Vila,PT,42.0304,-8.1588,53.33,86,20,3.15,few clouds
167,Chase,CA,50.8165,-119.6857,82.4,31,25,2.53,scattered clouds
168,Madimba,TZ,-10.4,40.3333,69.85,81,6,14.12,clear sky
169,Pundaguitan,PH,6.3711,126.1689,84.74,72,17,12.73,few clouds
170,Saint-Augustin,CA,51.226,-58.6502,49.53,90,100,10.92,overcast clouds
171,Mahibadhoo,MV,3.7833,72.9667,82.35,76,74,9.98,broken clouds
172,Siuna,NI,13.7332,-84.7773,74.48,85,100,4.21,overcast clouds
173,Bambous Virieux,MU,-20.3428,57.7575,68.22,94,75,5.75,light intensity shower rain
174,Lodja,CD,-3.4833,23.4333,68.79,38,49,2.17,scattered clouds
175,Riyadh,SA,24.6877,46.7219,86.14,21,44,5.35,scattered clouds
176,Shakawe,BW,-18.3667,21.85,42.58,22,0,6.06,clear sky
177,Manavalakurichi,IN,8.1333,77.3,78.89,84,100,13.85,overcast clouds
178,Chapais,CA,49.7834,-74.8492,58.78,62,65,4.79,broken clouds
179,Gorontalo,ID,0.5412,123.0595,85.8,54,83,5.01,broken clouds
180,Gwadar,PK,25.1216,62.3254,82.11,87,64,4.52,broken clouds
181,Champerico,GT,14.3,-91.9167,83.73,80,47,6.33,scattered clouds
182,Tumaco,CO,1.7986,-78.8156,76.86,81,100,8.1,overcast clouds
183,Madang,PG,-5.2246,145.7966,78.87,89,100,2.26,overcast clouds
184,Kedrovyy,RU,56.1667,91.8167,68.41,55,44,11.7,scattered clouds
185,Okha,RU,53.5739,142.9478,66.31,85,89,11.9,overcast clouds
186,Mahebourg,MU,-20.4081,57.7,68.25,94,75,5.75,light intensity shower rain
187,Galle,LK,6.0367,80.217,79.21,85,73,11.63,broken clouds
188,Setermoen,NO,68.861,18.3486,46.36,97,100,3.56,overcast clouds
189,Paraiso,CR,9.8383,-83.8656,65.41,93,100,3.38,overcast clouds
190,Campbell River,CA,50.0163,-125.2446,74.12,64,75,4.61,broken clouds
191,Kruisfontein,ZA,-34.0033,24.7314,41.36,81,3,5.77,clear sky
192,Ciudad Bolivar,VE,8.1222,-63.5497,78.49,84,100,6.58,overcast clouds
193,Saldanha,ZA,-33.0117,17.9442,41.05,62,0,9.51,clear sky
194,Peniche,PT,39.3558,-9.3811,64.72,92,64,8.99,broken clouds
195,Warri,NG,5.5167,5.75,73.17,86,87,4.63,overcast clouds
196,Krasnorechenskiy,RU,44.6265,135.3532,92.43,44,15,1.68,few clouds
197,Zyryanskoye,RU,56.8306,86.6258,67.62,69,67,9.48,broken clouds
198,Serpa,PT,37.9458,-7.5975,60.76,68,0,7.09,clear sky
199,Bereda,ES,43.2686,-7.5406,61.41,91,95,6.13,overcast clouds
200,Sandy Bay,AU,-42.913,147.3532,54.27,70,75,3.0,broken clouds
201,Shenjiamen,CN,29.9576,122.298,76.96,94,100,30.51,light rain
202,Antalaha,MG,-14.9003,50.2788,67.17,78,52,8.21,light rain
203,Point Pedro,LK,9.8167,80.2333,83.57,75,100,18.32,overcast clouds
204,Amapa,BR,1.0,-52.0,70.5,94,17,2.68,few clouds
205,Cabo San Lucas,MX,22.8909,-109.9124,93.61,70,0,7.0,clear sky
206,Copiapo,CL,-27.3667,-70.3333,49.69,69,63,0.43,broken clouds
207,Mantua,IT,45.1667,10.7833,76.24,80,100,1.99,overcast clouds
208,Luderitz,NA,-26.6481,15.1594,62.92,24,16,22.44,few clouds
209,Ca Mau,VN,9.1769,105.15,86.36,70,92,10.98,overcast clouds
210,Mahina,PF,-17.5065,-149.489,80.37,61,20,10.36,few clouds
211,Adrar,MR,20.5022,-10.0711,88.32,21,40,13.98,scattered clouds
212,Voh,NC,-20.9667,164.7,82.72,46,5,6.51,clear sky
213,Havoysund,NO,70.9963,24.6622,45.48,88,100,26.08,light rain
214,Balangir,IN,20.7167,83.4833,78.89,85,100,12.28,light rain
215,Camacha,PT,33.0833,-16.3333,68.76,78,40,13.8,scattered clouds
216,Sao Joao Da Barra,BR,-21.6403,-41.0511,67.46,70,0,7.99,clear sky
217,Ilulissat,GL,69.2167,-51.1,44.62,76,75,6.91,broken clouds
218,Tateyama,JP,34.9833,139.8667,90.14,71,18,2.01,few clouds
219,Sitka,US,57.0531,-135.33,57.09,88,90,9.22,light rain
220,Saint-Pierre,RE,-21.3393,55.4781,65.88,61,0,9.22,clear sky
221,Dunedin,NZ,-45.8742,170.5036,52.81,54,14,15.01,few clouds
222,Bakel,SN,14.905,-12.4568,86.29,45,97,11.34,overcast clouds
223,Bowen,AU,-20.0167,148.2333,78.12,61,6,9.4,clear sky
224,Sisimiut,GL,66.9395,-53.6735,41.27,98,100,9.42,heavy intensity rain
225,Hoi An,VN,15.8794,108.335,93.16,58,100,14.72,overcast clouds
226,Mahanoro,MG,-19.9,48.8,62.51,86,4,4.36,clear sky
227,The Valley,AI,18.217,-63.0578,82.26,83,0,22.41,clear sky
228,Le Mars,US,42.7942,-96.1656,82.83,78,1,6.91,clear sky
229,Marzuq,YE,14.4,46.4667,69.69,84,100,6.44,overcast clouds
230,Broome,US,42.2506,-75.833,63.7,92,0,0.81,clear sky
231,Bandar-E Anzali,IR,37.4727,49.4622,84.31,76,27,6.67,scattered clouds
232,Ngunguru,NZ,-35.6167,174.5,57.81,70,12,7.23,few clouds
233,Ormond Beach,US,29.2858,-81.0559,77.02,75,90,0.0,overcast clouds
234,Haines Junction,CA,60.7522,-137.5108,66.15,42,28,11.5,scattered clouds
235,Catemaco,MX,18.4167,-95.1167,72.1,86,71,4.25,broken clouds
236,Dubti,ET,11.7361,41.0853,86.16,51,100,3.29,overcast clouds
237,Santa Maria Da Vitoria,BR,-13.3947,-44.1886,68.47,49,24,4.7,few clouds
238,Rosarito,MX,32.3333,-117.0333,77.63,77,45,5.5,scattered clouds
239,Sembe,CG,1.6481,14.5806,68.95,95,91,2.28,overcast clouds
240,Damara,CF,4.9608,18.7035,76.42,96,46,2.19,light rain
241,Cherskiy,RU,68.75,161.3,53.62,57,97,11.23,overcast clouds
242,Oktyabrskiy,RU,54.4815,53.471,63.41,59,92,2.68,overcast clouds
243,Puerto Santander,CO,8.3636,-72.4063,74.82,93,100,1.86,overcast clouds
244,Harper,LR,4.375,-7.7169,74.88,76,100,6.58,overcast clouds
245,Kungurtug,RU,50.5994,97.5228,60.21,96,100,1.86,light rain
246,Kokuy,RU,52.2037,117.5529,70.57,61,69,9.71,broken clouds
247,Lensk,RU,60.7253,114.9278,78.04,41,4,6.6,clear sky
248,Krasnovishersk,RU,60.4078,57.082,57.92,67,36,8.9,scattered clouds
249,Mar Del Plata,AR,-38.0023,-57.5575,51.13,63,0,20.0,clear sky
250,Youghal,IE,51.95,-7.8506,65.55,91,71,9.06,broken clouds
251,Arlit,NE,18.7369,7.3853,83.88,52,87,17.16,overcast clouds
252,Kitui,KE,-1.367,38.0106,56.97,93,29,5.21,scattered clouds
253,Sorong,ID,-0.8833,131.25,79.65,77,100,14.43,moderate rain
254,Kota Belud,MY,6.351,116.4305,87.66,53,77,9.89,moderate rain
255,Kohlu,PK,29.8962,69.252,85.19,37,21,2.21,few clouds
256,Lata,PT,40.1629,-8.3327,60.82,98,45,2.53,scattered clouds
257,Asosa,ET,10.0667,34.5333,58.71,98,100,2.44,light rain
258,San Pedro,PH,14.35,121.0167,79.16,94,90,9.22,moderate rain
259,Saquisili,EC,-0.8333,-78.6667,47.52,94,75,1.01,broken clouds
260,Salalah,OM,17.0151,54.0924,77.09,100,90,10.36,light intensity drizzle
261,Lorengau,PG,-2.0226,147.2712,83.93,79,93,9.82,overcast clouds
262,Kawalu,ID,-7.3817,108.2082,76.75,84,69,3.74,broken clouds
263,Kayerkan,RU,69.3497,87.7602,66.04,82,100,22.88,overcast clouds
264,San Jeronimo,PE,-11.9472,-75.2829,45.63,76,3,2.42,clear sky
265,Batemans Bay,AU,-35.7167,150.1833,61.92,51,79,12.37,broken clouds
266,Samfya,ZM,-11.3649,29.5565,63.01,66,94,10.96,overcast clouds
267,Kaitangata,NZ,-46.2817,169.8464,54.93,53,14,5.64,few clouds
268,Batagay,RU,67.6333,134.6333,76.77,32,94,2.68,overcast clouds
269,Khash,IR,28.2211,61.2158,80.94,31,9,2.86,clear sky
270,Trapani,IT,37.8333,12.6667,77.27,88,0,4.61,clear sky
271,Noumea,NC,-22.2763,166.4572,82.38,99,0,9.46,clear sky
272,Dongtai,CN,32.8523,120.3095,80.64,82,100,12.64,light rain
273,Lasa,IT,46.6166,10.7002,65.28,72,100,2.62,overcast clouds
274,Eureka,US,40.8021,-124.1637,64.13,73,1,4.0,clear sky
275,Dzhebariki-Khaya,RU,62.2167,135.8,71.42,65,100,7.27,overcast clouds
276,Touros,BR,-5.1989,-35.4608,74.3,84,18,15.43,few clouds
277,Namatanai,PG,-3.6667,152.4333,84.61,70,60,8.21,broken clouds
278,Ambagarh Chauki,IN,20.7833,80.7167,74.1,95,100,11.5,overcast clouds
279,Mbandaka,CD,0.0487,18.2603,69.21,86,22,3.09,few clouds
280,Srednekolymsk,RU,67.45,153.6833,66.0,40,82,5.68,broken clouds
281,Hay River,CA,60.8156,-115.7999,60.78,88,90,5.75,thunderstorm with light rain
282,Kiunga,PG,-6.1219,141.2906,77.7,91,100,1.21,overcast clouds
283,Kharp,RU,66.8014,65.8081,57.52,63,99,3.78,overcast clouds
284,Katsuura,JP,35.1333,140.3,87.91,69,10,8.95,clear sky
285,Lompoc,US,34.6391,-120.4579,76.21,80,90,10.36,overcast clouds
286,Nikolskoye,RU,59.7035,30.7861,54.01,74,91,4.09,overcast clouds
287,Luancheng,CN,37.8792,114.6517,86.16,69,10,6.49,clear sky
288,Atar,MR,20.5169,-13.0499,85.55,25,6,5.39,clear sky
289,Talcahuano,CL,-36.7167,-73.1167,44.28,100,54,3.44,mist
290,Sur,OM,22.5667,59.5289,88.36,63,79,11.61,broken clouds
291,Ahipara,NZ,-35.1667,173.1667,59.4,59,0,4.27,clear sky
292,San Patricio,US,28.017,-97.5169,84.29,72,0,13.56,clear sky
293,Kavieng,PG,-2.5744,150.7967,85.3,70,100,14.43,overcast clouds
294,Carutapera,BR,-1.195,-46.02,74.71,91,7,5.86,clear sky
295,Koga,JP,33.7333,130.4667,94.98,37,75,8.05,broken clouds
296,Akyab,MM,20.15,92.9,83.53,83,100,14.09,overcast clouds
297,Skaelskor,DK,55.2506,11.2935,61.99,58,0,7.4,clear sky
298,Maragogi,BR,-9.0122,-35.2225,73.78,79,38,11.59,scattered clouds
299,Ola,RU,59.5833,151.2833,56.37,83,99,2.89,overcast clouds
300,Coruripe,BR,-10.1256,-36.1756,71.67,86,78,8.66,broken clouds
301,Dongying,CN,37.4564,118.4856,90.93,44,97,6.85,light rain
302,Miri,MY,4.4148,114.0089,84.72,74,98,4.07,overcast clouds
303,Mareeba,AU,-17.0,145.4333,88.32,44,12,5.48,few clouds
304,Singaraja,ID,-8.112,115.0882,84.42,55,6,2.19,clear sky
305,Saint-Georges,GD,12.0564,-61.7485,80.19,85,100,12.17,overcast clouds
306,Byron Bay,AU,-28.65,153.6167,73.06,48,0,11.41,clear sky
307,Burgeo,CA,47.6167,-57.6152,54.61,90,79,12.35,broken clouds
308,Taoudenni,ML,22.6783,-3.9836,96.3,24,23,5.44,few clouds
309,Itarema,BR,-2.9248,-39.9167,78.87,77,37,15.1,scattered clouds
310,Wakefield,GB,53.6809,-1.499,61.63,85,100,7.34,overcast clouds
311,Marsa Matruh,EG,31.3525,27.2453,77.2,65,0,11.5,clear sky
312,Progreso,MX,21.2833,-89.6667,82.51,84,93,12.82,overcast clouds
313,Rawson,AR,-43.3002,-65.1023,45.66,43,30,9.37,scattered clouds
314,Bloomfield,US,40.8068,-74.1854,75.06,69,1,0.0,clear sky
315,Altamira,BR,-3.2033,-52.2064,73.56,62,99,2.15,overcast clouds
316,Merauke,ID,-8.4667,140.3333,81.81,65,94,9.62,overcast clouds
317,Linqing,CN,36.8456,115.7117,80.02,82,92,4.76,overcast clouds
318,Araceli,PH,10.5529,119.9913,83.88,77,94,19.17,overcast clouds
319,Mindelo,CV,16.8901,-24.9804,74.75,64,40,13.8,scattered clouds
320,Fontem,CM,5.4685,9.8818,64.26,98,100,1.05,overcast clouds
321,Norman Wells,CA,65.282,-126.8329,60.84,72,90,6.91,overcast clouds
322,Neuquen,AR,-38.9516,-68.0591,46.29,49,0,2.3,light rain
323,Chongwe,ZM,-15.3292,28.682,56.35,79,49,13.11,scattered clouds
324,Kisangani,CD,0.5167,25.2,70.75,91,60,2.46,broken clouds
325,Inirida,CO,3.8653,-67.9239,72.88,98,100,2.28,overcast clouds
326,Codrington,AU,-38.2667,141.9667,51.4,78,46,16.28,scattered clouds
327,Teya,RU,60.3778,92.6267,76.51,45,1,2.8,clear sky
328,Margate,GB,51.3813,1.3862,64.31,89,100,4.0,overcast clouds
329,Chunhuhub,MX,19.55,-88.6833,77.68,80,51,3.22,broken clouds
330,Lincoln,US,40.8,-96.667,86.29,65,1,3.0,clear sky
331,Gore,NZ,-46.1028,168.9436,56.23,72,14,3.58,few clouds
332,Mastic Beach,US,40.7668,-72.8521,73.98,74,1,1.01,clear sky
333,Birnin Kebbi,NG,12.4539,4.1975,75.34,84,99,8.99,overcast clouds
334,Nhulunbuy,AU,-12.2333,136.7667,84.81,58,90,8.05,overcast clouds
335,Port Hawkesbury,CA,45.6169,-61.3485,60.58,93,75,1.01,broken clouds
336,Zaragoza,ES,41.6561,-0.8773,69.94,60,0,14.0,clear sky
337,Airai,TL,-8.9266,125.4092,75.61,21,54,4.38,broken clouds
338,Sioux Lookout,CA,50.1001,-91.917,77.38,94,40,8.05,scattered clouds
339,Casper,US,42.8666,-106.3131,81.19,23,1,5.01,clear sky
340,Sakakah,SA,29.9697,40.2064,83.77,33,0,8.46,clear sky
341,Nishihara,JP,26.1842,127.7558,82.06,94,90,35.68,mist
342,Buluang,PH,13.3068,123.3425,84.11,82,100,17.31,light rain
343,Hornepayne,CA,49.2138,-84.7705,69.17,69,78,10.11,broken clouds
344,Lucea,JM,18.451,-78.1736,84.06,78,35,6.2,scattered clouds
345,Beitbridge,ZW,-22.2167,30.0,48.18,71,0,14.16,clear sky
346,Tuatapere,NZ,-46.1333,167.6833,56.82,66,87,5.14,overcast clouds
347,Limbang,MY,4.75,115.0,86.31,54,97,4.45,overcast clouds
348,Zhigansk,RU,66.7697,123.3711,73.13,40,90,9.71,overcast clouds
349,Baykit,RU,61.67,96.37,78.17,49,35,2.53,scattered clouds
350,Hambantota,LK,6.1241,81.1185,81.19,74,59,19.22,broken clouds
351,Agulu,NG,6.11,7.0724,69.85,95,97,2.98,overcast clouds
352,Ugoofaaru,MV,5.6667,73.0,82.56,75,100,11.23,overcast clouds
353,Mutoko,ZW,-17.397,32.2268,43.93,89,21,3.33,few clouds
354,Umm Lajj,SA,25.0213,37.2685,83.98,52,0,3.11,clear sky
355,Palauig,PH,15.435,119.9045,82.09,87,100,15.66,overcast clouds
356,Bac Lieu,VN,9.285,105.7244,87.15,67,99,13.85,overcast clouds
357,Winfield,US,37.2398,-96.9956,87.35,61,1,9.22,clear sky
358,Mapastepec,MX,15.4333,-92.9,78.96,73,95,4.0,overcast clouds
359,Filadelfia,US,39.9523,-75.1638,74.1,71,1,2.93,clear sky
360,College,US,64.8569,-147.8028,74.86,65,75,6.91,moderate rain
361,Padang,ID,-0.9492,100.3543,78.85,69,100,1.5,overcast clouds
362,Jingdezhen,CN,29.2947,117.2079,88.21,59,39,7.72,scattered clouds
363,Pangai,TO,-19.8,-174.35,80.71,78,40,8.05,scattered clouds
364,Korla,CN,41.7597,86.1469,89.06,26,0,1.07,clear sky
365,Sabha,LY,27.0377,14.4283,76.32,39,0,11.01,clear sky
366,Jiblah,YE,13.9216,44.1467,63.61,73,100,2.37,overcast clouds
367,Olinda,BR,-8.0089,-34.8553,71.33,78,75,5.75,broken clouds
368,Poco Verde,BR,-10.7083,-38.1833,66.0,96,99,5.7,overcast clouds
369,Longyearbyen,SJ,78.2186,15.6401,42.42,84,69,4.03,broken clouds
370,Zanesville,US,39.9404,-82.0132,72.18,78,1,0.0,clear sky
371,Pacific Grove,US,36.6177,-121.9166,78.26,84,75,3.0,broken clouds
372,Cozumel,MX,20.5083,-86.9458,82.47,86,40,5.01,scattered clouds
373,Altayskoye,RU,51.9533,85.3325,72.5,74,96,2.06,overcast clouds
374,Nizhniy Kuranakh,RU,58.8353,125.4869,59.45,98,100,5.44,light rain
375,Allen,US,41.0706,-85.0144,76.01,92,40,6.91,mist
376,Katherine,AU,-14.4667,132.2667,88.12,25,18,5.75,few clouds
377,Lagos,NG,6.5833,3.75,77.32,84,97,4.0,overcast clouds
378,Prabumulih,ID,-3.45,104.25,81.68,81,67,2.06,broken clouds
379,Curuca,BR,-0.7289,-47.8481,72.81,95,15,5.44,few clouds
380,Shelby,US,35.2001,-89.8668,80.15,90,6,0.0,clear sky
381,Port-Cartier,CA,50.0334,-66.8654,62.74,84,67,3.13,broken clouds
382,Salamiyah,SY,35.0113,37.0532,71.56,82,0,5.79,clear sky
383,Vuktyl,RU,63.8567,57.3094,56.97,62,95,11.27,overcast clouds
384,Xiashi,CN,30.5363,120.6864,78.98,94,100,17.81,heavy intensity rain
385,Ossora,RU,59.2353,163.0719,58.75,81,81,7.7,broken clouds
386,Camana,PE,-16.6228,-72.7111,60.21,87,86,3.06,overcast clouds
387,Jining,CN,35.405,116.5814,88.07,53,53,6.44,broken clouds
388,La Ronge,CA,55.1001,-105.2842,64.65,59,40,8.05,scattered clouds
389,Yar-Sale,RU,66.8333,70.8333,54.64,77,10,6.38,clear sky
390,Igrim,RU,63.1906,64.4162,59.38,60,6,7.11,clear sky
391,Husavik,IS,66.0449,-17.3389,58.91,81,73,6.04,broken clouds
392,Fort Saint James,CA,54.4333,-124.25,64.78,48,61,8.77,broken clouds
393,Sola,VU,-13.8833,167.55,80.94,75,69,17.54,broken clouds
394,Agadir,MA,30.4202,-9.5982,85.42,42,85,1.97,overcast clouds
395,Portland,US,45.5234,-122.6762,85.89,41,20,1.99,few clouds
396,Sao Domingos Do Maranhao,BR,-5.5758,-44.3853,71.29,46,11,4.21,few clouds
397,Te Anau,NZ,-45.4167,167.7167,51.12,72,21,2.44,few clouds
398,Santa Vitoria Do Palmar,BR,-33.5189,-53.3681,58.64,91,5,5.12,clear sky
399,Hanyang,CN,32.1371,105.5126,81.14,71,17,3.62,light rain
400,Kurchum,KZ,48.5722,83.6542,76.82,49,36,5.39,scattered clouds
401,Torrijos,ES,39.9819,-4.2835,69.55,47,3,3.0,clear sky
402,Pisco,PE,-13.7,-76.2167,62.65,77,90,14.97,overcast clouds
403,Ambilobe,MG,-13.2,49.05,59.95,91,8,4.25,clear sky
404,Goshen,US,41.5823,-85.8344,77.43,88,75,5.75,broken clouds
405,Tlapehuala,MX,18.2167,-100.5167,76.51,85,15,1.12,few clouds
406,Rudnogorsk,RU,57.2639,103.7519,75.9,43,7,4.65,clear sky
407,Buarcos,PT,40.166,-8.8768,62.56,96,63,6.58,broken clouds
408,Bluefield,US,37.2698,-81.2223,71.38,71,1,0.0,clear sky
409,Toamasina,MG,-18.1667,49.3833,64.11,87,16,6.42,light rain
410,Ekhabi,RU,53.5102,142.9671,68.07,82,73,12.39,broken clouds
411,Kentau,KZ,43.5206,68.5094,87.51,22,0,6.82,clear sky
412,Mukhen,RU,48.1,136.1,95.14,44,85,5.53,overcast clouds
413,Comodoro Rivadavia,AR,-45.8667,-67.5,46.26,49,0,16.11,clear sky
414,Remanso,BR,-9.6179,-42.0831,70.48,73,2,15.77,clear sky
415,Fairbanks,US,64.8378,-147.7164,73.74,65,90,1.01,thunderstorm
416,Santa Helena De Goias,BR,-17.8136,-50.5969,66.92,49,0,5.53,clear sky
417,Kabalo,CD,-6.05,26.9167,72.16,39,0,5.32,clear sky
418,Kinablangan,PH,7.6947,126.5503,89.56,55,19,6.62,few clouds
419,Makakilo City,US,21.3469,-158.0858,86.32,58,75,11.5,broken clouds
420,Panzhihua,CN,26.5851,101.7128,80.89,71,97,1.1,overcast clouds
421,Samana,DO,19.2056,-69.3369,78.93,90,27,9.82,scattered clouds
422,Muroto,JP,33.2833,134.15,84.24,81,100,11.39,overcast clouds
423,Adamas,GR,36.7333,24.4333,74.62,65,0,24.92,clear sky
424,Kyabe,TD,9.4515,18.9449,71.19,88,18,3.24,few clouds
425,Port Hardy,CA,50.6996,-127.4199,60.98,94,90,0.0,light rain
426,Santiago Del Estero,AR,-27.7951,-64.2615,62.8,43,4,4.38,clear sky
427,Mayumba,GA,-3.432,10.6554,68.76,88,8,1.48,clear sky
428,Vestmanna,FO,62.1564,-7.1664,49.12,100,14,2.3,few clouds
429,Saint-Denis,FR,48.9167,2.3333,72.37,69,0,5.75,clear sky
430,Sorland,NO,67.667,12.6934,52.2,97,100,17.78,overcast clouds
431,Mataram,ID,-8.5833,116.1167,83.21,53,11,9.93,few clouds
432,Irtyshskiy,RU,58.3333,68.1333,65.26,74,100,6.49,overcast clouds
433,Porto Seguro,BR,-16.4497,-39.0647,66.72,88,40,3.44,scattered clouds
434,Roald,NO,62.5833,6.1333,57.16,100,44,8.05,scattered clouds
435,Zhuji,CN,29.7188,120.2423,78.89,96,100,10.54,light rain
436,Mallaig,CA,54.2169,-111.3685,70.21,44,57,14.74,broken clouds
437,Sambava,MG,-14.2667,50.1667,65.46,82,5,9.64,clear sky
438,Praia Da Vitoria,PT,38.7333,-27.0667,71.85,94,75,12.03,broken clouds
439,Canutama,BR,-6.5339,-64.3831,76.19,54,29,2.04,scattered clouds
440,Tura,IN,25.5198,90.2201,76.84,92,84,8.23,broken clouds
441,Douglas,US,41.3,-96.167,86.86,71,1,3.0,clear sky
442,Poum,NC,-20.2333,164.0167,74.16,78,0,8.81,clear sky
443,Waitati,NZ,-45.75,170.5667,52.81,53,11,7.36,few clouds
444,Grand Gaube,MU,-20.0064,57.6608,67.37,76,39,4.0,scattered clouds
445,Benicarlo,ES,40.4165,0.4271,80.91,83,7,5.59,clear sky
446,Mwingi,KE,-0.9344,38.0601,62.19,76,48,9.06,scattered clouds
447,Kamenka,RU,51.3223,42.7678,61.36,66,1,5.37,clear sky
448,Bonavista,CA,48.6499,-53.1147,55.11,98,99,8.75,overcast clouds
449,Edd,ER,13.9297,41.6925,86.5,63,100,5.41,overcast clouds
450,Kangaatsiaq,GL,68.3065,-53.4641,38.82,97,100,3.15,moderate rain
451,Bafata,GW,12.1667,-14.75,73.71,90,100,3.53,overcast clouds
452,Soe,ID,-9.8607,124.284,83.37,22,94,7.76,overcast clouds
453,Grindavik,IS,63.8424,-22.4338,55.9,100,90,18.41,drizzle
454,Olafsvik,IS,64.8945,-23.7142,52.59,98,100,10.85,overcast clouds
455,Filingue,NE,14.3521,3.3168,82.96,62,100,16.24,overcast clouds
456,Lujan,AR,-34.5703,-59.105,62.98,86,95,6.29,overcast clouds
457,Serebryansk,KZ,49.6925,83.2892,69.35,74,20,3.2,few clouds
458,Hasaki,JP,35.7333,140.8333,86.29,71,10,9.35,clear sky
459,Bougouni,ML,11.417,-7.479,70.38,97,93,6.2,overcast clouds
460,Vanavara,RU,60.34,102.2797,74.88,48,89,3.33,overcast clouds
461,Takoradi,GH,4.8845,-1.7554,74.1,82,99,9.1,overcast clouds
462,Sabalgarh,IN,26.25,77.4,88.11,68,100,4.52,overcast clouds
463,Ancud,CL,-41.8697,-73.8203,36.93,80,0,7.76,clear sky
464,Valparaiso,CL,-33.0393,-71.6273,53.47,79,90,5.75,overcast clouds
465,Rochegda,RU,62.8,43.25,44.73,76,83,6.46,broken clouds
466,Polyarnyy,RU,69.1989,33.4478,45.07,80,100,29.82,light rain
467,Nortelandia,BR,-14.4547,-56.8028,71.87,45,4,4.43,clear sky
468,Yarkovo,RU,57.4028,67.0786,66.02,82,100,4.47,overcast clouds
469,Nyurba,RU,63.2842,118.3319,77.72,42,5,5.57,clear sky
470,Klaksvik,FO,62.2266,-6.589,50.92,93,10,16.71,clear sky
471,Mirai,BR,-21.1953,-42.6142,57.31,90,0,2.39,clear sky
472,Tevriz,RU,57.509,72.4042,71.62,72,63,7.54,broken clouds
473,Eyl,SO,7.9803,49.8164,77.07,70,61,27.04,broken clouds
474,Sangar,RU,63.9242,127.4739,69.24,68,100,2.77,overcast clouds
475,Kavaratti,IN,10.5669,72.642,82.02,82,100,20.13,overcast clouds
476,Nizwa,OM,22.9333,57.5333,85.8,56,42,0.69,scattered clouds
477,Kalmunai,LK,7.4167,81.8167,84.27,61,91,8.68,overcast clouds
478,Harlingen,US,26.1906,-97.6961,84.25,92,1,13.8,clear sky
479,Lavrentiya,RU,65.5833,-171.0,53.33,69,6,9.51,clear sky
480,Sinnamary,GF,5.3833,-52.95,78.55,87,84,12.3,broken clouds
481,Tomatlan,MX,19.9333,-105.25,79.66,91,86,3.98,overcast clouds
482,Caravelas,BR,-17.7125,-39.2481,69.93,73,61,8.16,broken clouds
483,Mulege,MX,26.8833,-111.9833,89.47,52,52,2.95,broken clouds
484,Severo-Yeniseyskiy,RU,60.3725,93.0408,73.51,44,1,3.42,clear sky
485,Freeport,US,40.6576,-73.5832,76.17,65,40,1.01,scattered clouds
486,Raga,SS,8.4596,25.678,69.3,94,85,4.12,overcast clouds
487,Hofn,IS,64.2539,-15.2082,53.49,99,100,5.1,overcast clouds
488,Paita,PE,-5.0892,-81.1144,64.94,83,1,12.62,clear sky
489,Manzhouli,CN,49.6,117.4333,73.78,46,68,12.01,broken clouds
490,Saint George,US,37.1041,-113.5841,89.64,38,90,17.0,thunderstorm
491,Nelson Bay,AU,-32.7167,152.15,65.95,60,28,5.01,scattered clouds
492,Vila Velha,BR,-20.3297,-40.2925,64.35,88,90,3.44,overcast clouds
493,Sabla,NG,12.7525,4.7077,75.34,85,99,9.6,light rain
494,Petropavlovka,RU,50.6114,105.3196,70.81,54,98,0.85,overcast clouds
495,Upornaya,RU,44.3914,41.0196,62.76,89,64,3.2,broken clouds
496,Pareora,NZ,-44.4871,171.2132,49.17,72,1,7.56,clear sky
497,La Rioja,ES,42.25,-2.5,53.38,67,62,3.78,broken clouds
498,Lannion,FR,48.75,-3.4167,62.42,88,90,13.8,overcast clouds
499,Singaparna,ID,-7.3515,108.111,78.58,76,72,4.61,broken clouds
500,Anori,BR,-3.7728,-61.6442,73.27,94,36,1.23,scattered clouds
501,Saint-Louis,SN,16.3333,-15.0,75.94,65,35,10.63,scattered clouds
502,Honningsvag,NO,70.9821,25.9704,45.57,84,100,32.41,overcast clouds
503,Asau,RO,46.4333,26.4,62.76,75,97,2.26,overcast clouds
504,Male,MV,4.1748,73.5089,80.55,89,75,19.57,broken clouds
505,Usinsk,RU,65.9939,57.5281,54.19,79,100,9.82,overcast clouds
506,Ilebo,CD,-4.3167,20.5833,66.88,40,16,1.03,few clouds
507,Gongzhuling,CN,43.5008,124.8198,87.3,51,14,13.71,few clouds
508,Anisoc,GQ,1.8658,10.7689,68.83,98,100,1.23,overcast clouds
509,Katete,UG,-0.7818,29.7544,61.11,74,70,2.42,broken clouds
510,Kirakira,SB,-10.4544,161.9205,84.74,73,27,7.25,scattered clouds
511,Carnaiba,BR,-8.7,-37.6667,62.2,95,13,6.13,few clouds
512,Wajima,JP,37.4,136.9,88.48,66,40,3.44,scattered clouds
513,Walvis Bay,NA,-22.9575,14.5053,68.09,7,2,17.27,clear sky
514,Saint-Joseph,RE,-21.3667,55.6167,64.78,68,19,6.98,few clouds
515,Luba,GQ,3.4568,8.5547,76.89,89,100,6.55,light rain
516,Bushenyi,UG,-0.5853,30.2114,62.11,62,75,1.1,broken clouds
517,Cranbrook,CA,49.4999,-115.7688,77.86,20,20,12.66,smoke
518,Salym,RU,60.0625,71.4789,59.61,96,100,5.01,light rain
519,Tamandare,BR,-8.7597,-35.1047,73.85,79,14,10.38,few clouds
520,Coihaique,CL,-45.5752,-72.0662,37.35,81,20,8.05,few clouds
521,Koygorodok,RU,60.445,50.9968,50.47,94,99,8.28,overcast clouds
522,Strezhevoy,RU,60.7333,77.5889,73.38,62,25,10.96,scattered clouds
523,Livingston,GB,55.9029,-3.5226,57.85,94,90,0.0,overcast clouds
524,Kuching,MY,1.55,110.3333,84.42,79,20,3.44,few clouds
525,Hibbing,US,47.4272,-92.9377,71.11,83,20,6.91,few clouds
526,Dwarka,IN,22.2394,68.9678,83.73,82,100,19.6,overcast clouds
527,Zemio,CF,5.0314,25.1361,67.91,98,94,1.95,overcast clouds
528,Cheney,US,47.4874,-117.5758,84.25,20,20,10.36,smoke
529,Amahai,ID,-3.3333,128.9167,77.54,89,100,8.61,light rain
530,Roma,US,43.2128,-75.4557,64.44,88,0,1.5,clear sky
531,Idritsa,RU,56.3316,28.8988,52.48,84,1,3.69,clear sky
532,Kailua,US,21.4022,-157.7394,84.18,68,75,17.27,broken clouds
533,Rabaul,PG,-4.1967,152.1721,85.08,68,71,7.67,broken clouds
534,Beringovskiy,RU,63.05,179.3167,52.68,87,100,7.52,overcast clouds
535,Richards Bay,ZA,-28.783,32.0377,56.05,57,100,14.45,light rain
536,Lower Hutt,NZ,-41.2167,174.9167,57.81,73,0,1.01,clear sky
537,Hailar,CN,49.2,119.7,74.75,52,100,6.96,overcast clouds
538,Lahat,ID,-3.8,103.5333,85.42,61,91,2.06,light rain
539,Santa Isabel Do Rio Negro,BR,-0.4139,-65.0192,72.73,99,99,1.03,overcast clouds
540,Mitsamiouli,KM,-11.3847,43.2844,76.84,70,0,19.48,clear sky
541,Dudinka,RU,69.4058,86.1778,69.19,78,100,28.07,overcast clouds
542,Butembo,CD,0.15,29.2833,58.96,86,91,2.53,overcast clouds
543,Sarangani,PH,5.4033,125.4636,84.45,73,87,8.77,overcast clouds
544,San Carlos De Bariloche,AR,-41.1456,-71.3082,31.75,47,0,6.91,clear sky
545,Aquiraz,BR,-3.9014,-38.3911,80.69,79,26,14.72,scattered clouds
546,Hamilton,US,39.1834,-84.5333,76.05,76,1,0.0,clear sky
547,Nantucket,US,41.2835,-70.0995,70.0,80,1,0.0,clear sky
548,Morro Bay,US,35.3658,-120.8499,74.34,78,25,3.0,scattered clouds
549,Heide,DE,54.2,9.1,56.1,91,0,6.22,clear sky
550,Ati,TD,13.2154,18.3353,80.22,62,10,5.82,clear sky
551,Villa Rica,US,33.7321,-84.9191,78.42,94,91,2.93,overcast clouds
552,Quatre Cocos,MU,-20.2078,57.7625,67.08,76,27,10.85,light rain
553,Benguela,AO,-12.5763,13.4055,66.56,91,19,3.09,few clouds
554,Bilma,NE,18.6853,12.9164,86.95,47,9,13.2,clear sky
555,Pierre,US,44.3683,-100.351,83.32,61,1,4.61,clear sky
556,Bodden Town,KY,19.2833,-81.25,84.2,85,20,3.44,few clouds
557,Magadan,RU,59.5667,150.8,57.49,83,91,3.13,overcast clouds
558,Senno,RU,59.5336,33.9167,47.26,75,99,1.52,overcast clouds
559,Omis,HR,43.4447,16.6886,71.53,58,4,6.38,clear sky
560,Mpika,ZM,-11.8343,31.4529,53.73,96,89,8.21,overcast clouds
561,Riberalta,BO,-10.9833,-66.1,72.66,52,3,0.69,clear sky
562,Gizo,SB,-8.103,156.8419,84.02,68,88,2.28,overcast clouds
563,San Angelo,US,31.4638,-100.437,90.54,48,1,4.0,clear sky
564,Frederico Westphalen,BR,-27.3592,-53.3944,54.81,71,0,3.18,clear sky
565,Lucapa,AO,-8.4192,20.7447,60.69,40,4,3.87,clear sky
566,Bitung,ID,1.4451,125.1824,92.25,65,86,15.08,overcast clouds
567,Katwa,IN,23.6399,88.128,81.7,87,100,13.38,moderate rain
568,Aksum,ET,14.1245,38.7244,56.35,93,100,3.27,overcast clouds
569,Ixtapa,MX,20.7,-105.2,87.03,74,75,0.0,broken clouds
570,Vredendal,ZA,-31.6683,18.5012,48.29,42,0,12.62,clear sky
571,Pochutla,MX,15.7432,-96.4661,83.25,86,97,5.14,overcast clouds
572,Horodnya,UA,51.8909,31.5974,62.44,76,98,6.31,overcast clouds
573,Whitehorse,CA,60.7161,-135.0538,68.02,39,75,11.99,broken clouds
574,San Vicente,AR,-26.6167,-54.1333,57.65,68,0,3.6,clear sky
575,Houma,US,29.5958,-90.7195,87.01,86,100,1.01,overcast clouds
576,Samarai,PG,-10.6167,150.6667,81.1,82,68,11.12,broken clouds
577,Otradnoye,RU,59.7775,30.8181,53.94,72,89,3.47,overcast clouds
578,Baft,IR,29.234,56.6057,74.8,47,4,2.01,clear sky
579,Dingle,PH,10.9995,122.6711,82.96,79,100,17.6,overcast clouds
580,Constitucion,CL,-35.3333,-72.4167,52.38,81,86,3.49,overcast clouds
581,Kloulklubed,PW,7.0419,134.2556,85.3,71,100,10.67,overcast clouds
582,Churapcha,RU,62.0025,132.4325,64.51,73,100,13.91,overcast clouds
583,Minsk,BY,53.9,27.5667,62.35,83,100,5.01,overcast clouds
584,Belyy Yar,RU,53.6039,91.3903,73.29,64,0,6.71,clear sky
585,Lixourion,GR,38.2019,20.4314,75.06,70,0,4.9,clear sky
586,Yaan,NG,7.3833,8.5667,70.34,98,100,5.88,light rain
587,Bahia De Caraquez,EC,-0.6,-80.4167,73.58,83,100,10.18,overcast clouds
588,Deputatskiy,RU,69.3,139.9,61.95,50,89,10.33,overcast clouds
589,Spring Valley,US,36.108,-115.245,103.39,23,75,5.99,broken clouds
590,Rovaniemi,FI,66.5,25.7167,47.61,71,0,4.61,clear sky
591,Kysyl-Syr,RU,63.8986,122.7617,69.19,60,100,4.52,overcast clouds
592,Kimbe,PG,-5.5502,150.1429,88.41,65,94,5.35,light rain
593,Huadian,CN,42.9633,126.7478,90.88,41,100,4.61,overcast clouds
594,Raudeberg,NO,61.9875,5.1352,57.87,92,38,6.6,scattered clouds
595,Bengkulu,ID,-3.8004,102.2655,81.03,71,100,1.23,overcast clouds
596,Erdenet,MN,49.0333,104.0833,64.94,64,81,5.93,broken clouds
597,Bollnas,SE,61.3482,16.3946,49.39,84,32,3.53,scattered clouds
598,Boda,CF,4.3189,17.4695,67.5,96,25,3.31,scattered clouds
599,Schifferstadt,DE,49.3872,8.3747,67.44,73,96,4.5,overcast clouds
600,Mogadishu,SO,2.0371,45.3438,76.98,82,100,24.72,overcast clouds
601,Los Llanos De Aridane,ES,28.6585,-17.9182,67.75,93,0,14.97,clear sky
602,Polunochnoye,RU,60.8697,60.4153,59.59,59,84,5.17,broken clouds
603,Skibbereen,IE,51.55,-9.2667,64.2,91,45,6.93,scattered clouds
604,Vao,NC,-22.6667,167.4833,71.13,79,0,6.71,clear sky
605,Songkhla,TH,6.8333,100.6667,84.25,66,98,5.75,overcast clouds
606,Brigantine,US,39.4101,-74.3646,76.01,78,1,0.0,clear sky
607,Chernyshevskiy,RU,63.0128,112.4714,75.7,42,24,7.54,few clouds
608,Outjo,NA,-20.1167,16.15,43.86,15,0,12.66,clear sky
609,Yatou,CN,37.15,122.3833,85.95,57,0,6.24,clear sky
610,Tual,ID,-5.6667,132.75,79.59,80,100,14.99,overcast clouds
611,Gat,IL,31.61,34.7642,77.92,100,53,8.08,broken clouds
612,Fomboni,KM,-12.28,43.7425,77.77,70,2,22.37,light rain
613,Kishapu,TZ,-3.6167,33.8667,63.77,50,1,11.36,clear sky
614,Turukhansk,RU,65.8167,87.9833,73.99,61,49,21.32,scattered clouds
615,Baturaja,ID,-4.1333,104.1667,86.23,60,63,0.38,broken clouds
616,Bemidji,US,47.4736,-94.8803,82.69,90,1,0.0,clear sky
617,Karratha,AU,-20.7377,116.8463,76.91,33,0,18.12,clear sky
618,La Asuncion,VE,11.0333,-63.8628,80.33,89,66,11.5,broken clouds
619,Machico,PT,32.7,-16.7667,72.23,78,40,10.36,scattered clouds
620,Clarence Town,AU,-32.5833,151.7833,64.85,62,11,15.84,few clouds
621,Nevers,FR,46.9167,3.3333,64.99,99,95,5.19,overcast clouds
622,Henties Bay,NA,-22.116,14.2845,67.86,19,3,19.42,clear sky
623,Isiro,CD,2.7739,27.616,66.07,95,97,2.51,overcast clouds
624,Avezzano,IT,42.0402,13.4388,66.07,72,10,1.57,clear sky
625,Omsukchan,RU,62.5333,155.8,52.05,88,100,1.5,overcast clouds
626,Nianzishan,CN,47.5167,122.8833,80.55,65,100,3.02,moderate rain
627,Kiskoros,HU,46.6214,19.2853,62.94,60,3,3.42,clear sky
628,Mikuni,JP,36.2171,136.1519,87.71,64,2,7.27,clear sky
629,Angoram,PG,-4.0625,144.0661,81.27,92,93,3.71,light rain
630,Abalak,RU,58.1286,68.5944,63.79,88,97,5.06,overcast clouds
631,Tocopilla,CL,-22.092,-70.1979,63.1,65,66,5.82,broken clouds
632,Esso,RU,55.9333,158.7,58.77,89,100,3.22,overcast clouds
633,Vestmannaeyjar,IS,63.4427,-20.2734,53.31,99,100,14.38,overcast clouds
634,Magalia,US,39.8121,-121.5783,95.16,14,0,5.03,clear sky
635,Okhotsk,RU,59.3833,143.3,63.19,77,43,10.29,scattered clouds
636,Oriximina,BR,-1.7656,-55.8661,76.98,70,43,3.18,scattered clouds
637,Varhaug,NO,58.6147,5.6457,58.86,88,2,4.16,clear sky
638,Bathsheba,BB,13.2167,-59.5167,81.21,83,40,14.97,scattered clouds
639,Myitkyina,MM,25.3833,97.4,79.12,94,98,1.9,overcast clouds
640,Plaster Rock,CA,46.9065,-67.39,56.12,93,100,1.21,overcast clouds
641,Oktyabrskoye,RU,43.0645,44.7417,62.74,100,100,8.95,light intensity drizzle
642,Duayaw Nkwanta,GH,7.1724,-2.1028,67.12,99,92,3.38,overcast clouds
643,Nome,US,64.5011,-165.4064,53.17,63,75,20.71,broken clouds
644,Vardo,NO,70.3705,31.1107,46.02,82,100,36.48,overcast clouds
645,Ayan,RU,56.45,138.1667,59.67,89,79,13.38,broken clouds
646,Hassleholm,SE,56.1591,13.7664,60.35,83,66,2.3,broken clouds
647,Price,US,39.5994,-110.8107,85.26,32,1,9.22,clear sky
648,Naze,JP,28.3667,129.4833,79.72,91,100,26.55,light rain
649,Ladispoli,IT,41.9537,12.0735,75.96,67,19,3.29,few clouds
650,Aksarka,RU,66.5606,67.7975,57.15,68,36,9.42,scattered clouds
651,Pakxan,LA,18.3778,103.6601,74.01,98,100,6.38,moderate rain
652,Oswego,US,43.4501,-76.1497,66.15,91,0,2.3,clear sky
653,Maningrida,AU,-12.0667,134.2667,86.97,48,6,5.5,clear sky
654,Hervey Bay,AU,-25.2986,152.8535,77.11,58,23,10.25,few clouds
655,Salinas,US,36.6777,-121.6555,78.66,76,75,11.5,broken clouds
656,Hadsund,DK,56.7148,10.1168,56.55,87,0,2.89,clear sky
657,Muleba,TZ,-1.8397,31.6544,68.32,55,28,10.33,scattered clouds
658,Bartica,GY,6.4,-58.6167,77.32,98,100,1.83,overcast clouds
659,Grootfontein,NA,-19.5667,18.1167,26.17,46,0,0.0,clear sky
660,Yulara,AU,-25.2406,130.9889,62.44,31,91,11.5,overcast clouds
661,Ames,US,42.0347,-93.6199,82.31,72,1,6.91,clear sky
662,Christchurch,NZ,-43.5333,172.6333,53.01,72,0,8.01,clear sky
663,Isla Vista,US,34.4133,-119.861,89.11,64,1,8.05,haze
664,Newport,GB,51.5877,-2.9984,63.86,87,100,16.82,overcast clouds
665,Havre,FR,49.5833,0.3333,70.57,82,0,10.36,clear sky
666,Kelowna,CA,49.8831,-119.4857,85.96,21,1,5.99,clear sky
667,Sistranda,NO,63.7256,8.834,52.9,86,100,9.6,overcast clouds
668,Berdigestyakh,RU,62.0989,126.6992,59.94,97,100,6.2,light rain
669,Sidi Ali,DZ,36.0998,0.4206,79.5,52,23,7.2,few clouds
670,Rey Bouba,CM,8.6724,14.1786,72.41,97,100,2.8,overcast clouds
671,Senanga,ZM,-16.1167,23.2667,49.06,40,25,6.2,scattered clouds
672,Krasnovka,RU,48.8177,40.0923,61.43,62,0,5.23,clear sky
673,Huilong,CN,31.8111,121.655,79.99,84,100,19.55,light rain
674,Sept-Iles,CA,50.2001,-66.3821,63.05,86,75,4.61,broken clouds
675,Kirovsk,UA,48.6375,38.6428,61.23,65,0,3.33,clear sky
676,Maceio,BR,-9.6658,-35.7353,71.04,88,75,0.0,broken clouds
677,Kargasok,RU,59.0556,80.8572,75.07,51,0,6.31,clear sky
678,Belaya Gora,RU,68.5333,146.4167,67.93,35,71,7.52,broken clouds
679,Presidencia Roque Saenz Pena,AR,-26.7852,-60.4388,67.12,38,0,8.1,clear sky
680,Kaka,TM,37.3482,59.6143,94.59,13,0,2.44,clear sky
681,Puerto Leguizamo,CO,-0.1934,-74.7819,71.53,96,100,2.04,overcast clouds
682,Seddon,AU,-37.8068,144.8916,54.72,67,75,17.27,broken clouds
683,Alexandria,EG,31.2156,29.9553,76.96,69,0,11.5,clear sky
684,Vadlapudi,IN,14.3167,79.8,84.79,57,100,13.31,overcast clouds
685,Aswan,EG,24.0934,32.907,87.1,28,0,5.75,clear sky
686,Swan Hill,AU,-35.3378,143.5544,55.58,59,70,21.05,moderate rain
687,New Glasgow,CA,45.5834,-62.6486,60.78,93,35,4.38,scattered clouds
688,Shelburne,CA,44.0787,-80.2041,67.89,79,98,2.91,overcast clouds
689,Port Moresby,PG,-9.4431,147.1797,80.22,74,97,2.51,overcast clouds
690,Fort Nelson,CA,58.8053,-122.7002,69.39,43,75,5.75,broken clouds
691,Linguere,SN,15.3953,-15.1193,75.33,69,27,7.58,scattered clouds
692,Qandala,SO,11.472,49.8728,89.29,46,91,23.15,overcast clouds
693,Nemuro,JP,43.3236,145.575,81.03,90,77,13.22,broken clouds
694,Volnovakha,UA,47.601,37.4967,59.94,63,0,6.13,clear sky
695,Matagami,CA,49.7502,-77.6328,59.11,82,1,2.3,clear sky
696,Wanning,CN,18.8003,110.3967,87.35,67,44,4.61,scattered clouds
697,Iwanai,JP,42.9744,140.5089,85.57,59,48,5.91,scattered clouds
698,Port-Gentil,GA,-0.7193,8.7815,74.16,81,100,10.49,overcast clouds
699,Havelock,US,34.8791,-76.9013,78.75,80,0,5.93,clear sky
700,Dehloran,IR,32.6941,47.2679,96.93,19,0,5.59,clear sky
701,Khani,GE,41.9563,42.9566,60.37,91,81,2.8,broken clouds
702,San Cristobal,VE,7.7669,-72.225,66.47,99,76,3.11,broken clouds
703,Kangaba,ML,11.9333,-8.4167,70.86,98,100,5.17,light rain
704,Sarankhola,BD,22.3082,89.7897,82.09,88,100,11.39,moderate rain
705,Dokka,NO,60.84,10.0618,60.42,89,43,2.44,scattered clouds
706,Shangzhi,CN,45.2167,127.9667,88.83,50,57,6.82,broken clouds
707,Giyani,ZA,-23.3025,30.7187,44.22,74,0,4.09,clear sky
708,La Romana,DO,18.4273,-68.9728,82.13,100,75,0.0,broken clouds
709,Olga,RU,43.7444,135.2892,85.96,63,30,6.91,scattered clouds
710,Obo,CF,5.3998,26.4869,67.19,97,99,3.74,overcast clouds
711,Ambulu,ID,-8.345,113.6058,83.28,55,6,6.51,clear sky
712,Taltal,CL,-25.4,-70.4833,56.62,81,99,4.76,overcast clouds
